# hitTime, x, y, type, radius, color
# type: 0 = normal_note, 1 = reload_note, 2 = long_note
2.0, 400.0, 300.0, 0, 30.0, RED
2.5, 600.0, 250.0, 0, 30.0, BLUE
3.0, 800.0, 300.0, 0, 30.0, RED
3.5, 950.0, 450.0, 0, 30.0, BLUE
4.0, 800.0, 600.0, 0, 30.0, RED
4.5, 600.0, 500.0, 0, 30.0, BLUE   
6.0, 300.0, 360.0, 0, 30.0, RED
6.5, 450.0, 200.0, 0, 30.0, RED
7.0, 640.0, 180.0, 0, 30.0, RED
7.5, 830.0, 200.0, 0, 30.0, RED
8.0, 980.0, 360.0, 0, 30.0, BLUE
8.5, 640.0, 540.0, 0, 30.0, BLUE
10.0, 640.0, 360.0, 0, 35.0, RED
10.4, 500.0, 300.0, 0, 30.0, RED
10.8, 780.0, 300.0, 0, 30.0, BLUE
11.2, 640.0, 420.0, 0, 30.0, BLUE